"month","month_number","year","mean_change_mm"
"Jan.",1,1816,0.513
"Feb.",2,1816,0.846
"Mar.",3,1816,0.836
"Apr.",4,1816,0.894
"May",5,1816,0.613
"June",6,1816,0.596
"July",7,1816,0.537
"Aug.",8,1816,0.951
"Sept.",9,1816,0.534
"Oct.",10,1816,1.043
"Nov.",11,1816,0.014
"Dec.",12,1816,0.73
"Jan.",1,1817,1.234
"Feb.",2,1817,0.685
"Mar.",3,1817,0.568
"Apr.",4,1817,1.118
"May",5,1817,0.84
"June",6,1817,0.82
"July",7,1817,0.686
"Aug.",8,1817,0.702
"Sept.",9,1817,0.719
"Oct.",10,1817,0.903
"Nov.",11,1817,0.624
"Dec.",12,1817,0.246
"Jan.",1,1818,0.84
"Feb.",2,1818,1.306
"Mar.",3,1818,1.085
"Apr.",4,1818,1.04
"May",5,1818,1.045
"June",6,1818,0.805
"July",7,1818,1.083
"Aug.",8,1818,0.989
"Sept.",9,1818,0.828
"Oct.",10,1818,0.75
"Nov.",11,1818,0.438
"Dec.",12,1818,0.696
"Jan.",1,1819,0.751
"Feb.",2,1819,0.802
"Mar.",3,1819,0.861
"Apr.",4,1819,1.071
"May",5,1819,1.163
"June",6,1819,0.821
"July",7,1819,0.72
"Aug.",8,1819,0.961
"Sept.",9,1819,0.808
"Oct.",10,1819,0.374
"Nov.",11,1819,0.331
"Dec.",12,1819,0.476
"Jan.",1,1820,0.31
"Feb.",2,1820,0.912
"Mar.",3,1820,0.75
"Apr.",4,1820,1.256
"May",5,1820,0.975
"June",6,1820,0.396
"July",7,1820,0.376
"Aug.",8,1820,0.763
"Sept.",9,1820,0.712
"Oct.",10,1820,1.271
"Nov.",11,1820,0.249
"Dec.",12,1820,0.6
"Jan.",1,1821,0.288
"Feb.",2,1821,1.077
"Mar.",3,1821,0.576
"Apr.",4,1821,0.956
"May",5,1821,0.642
"June",6,1821,0.579
"July",7,1821,0.584
"Aug.",8,1821,0.929
"Sept.",9,1821,0.579
"Oct.",10,1821,0.793
"Nov.",11,1821,0.964
"Dec.",12,1821,0.173
"Jan.",1,1822,0.521
"Feb.",2,1822,1.081
"Mar.",3,1822,0.425
"Apr.",4,1822,0.88
"May",5,1822,0.692
"June",6,1822,0.797
"July",7,1822,0.918
"Aug.",8,1822,0.95
"Sept.",9,1822,0.958
"Oct.",10,1822,0.448
"Nov.",11,1822,0.598
"Dec.",12,1822,0.331
"Jan.",1,1823,0.762
"Feb.",2,1823,1.104
"Mar.",3,1823,0.514
"Apr.",4,1823,0.914
"May",5,1823,0.646
"June",6,1823,0.66
"July",7,1823,0.521
"Aug.",8,1823,0.812
"Sept.",9,1823,1.047
"Oct.",10,1823,0.564
"Nov.",11,1823,0.665
"Dec.",12,1823,0.243
"Jan.",1,1824,0.882
"Feb.",2,1824,0.662
"Mar.",3,1824,1.042
"Apr.",4,1824,0.873
"May",5,1824,0.44
"June",6,1824,0.704
"July",7,1824,0.714
"Aug.",8,1824,0.632
"Sept.",9,1824,0.863
"Oct.",10,1824,0.679
"Nov.",11,1824,0.474
"Dec.",12,1824,0.614
"Jan.",1,1825,0.756
"Feb.",2,1825,0.886
"Mar.",3,1825,1.141
"Apr.",4,1825,1.222
"May",5,1825,0.887
"June",6,1825,0.849
"July",7,1825,1.084
"Aug.",8,1825,0.687
"Sept.",9,1825,0.889
"Oct.",10,1825,0.535
"Nov.",11,1825,0.734
"Dec.",12,1825,0.459
"Jan.",1,1826,0.599
"Feb.",2,1826,0.863
"Mar.",3,1826,0.882
"Apr.",4,1826,0.887
"May",5,1826,1.002
"June",6,1826,0.744
"July",7,1826,0.888
"Aug.",8,1826,1.024
"Sept.",9,1826,0.871
"Oct.",10,1826,0.908
"Nov.",11,1826,0.906
"Dec.",12,1826,0.371
